<?xml version="1.0" encoding="UTF-8"?>

<!DOCTYPE tiles-definitions 
PUBLIC "-//Apache Software Foundation//DTD Tiles Configuration 3.0//EN" 
"http://tiles.apache.org/dtds/tiles-config_3_0.dtd">
<tiles-definitions>

	<definition name="login"
		template="/WEB-INF/pages/login/login.jsp"></definition>



	<definition name="base.admin.definition"
		template="/WEB-INF/pages/admin/layout.jsp">
		<put-attribute name="title" value="" />
		<put-attribute name="menu"
			value="/WEB-INF/pages/admin/menu.jsp" />
		<put-attribute name="body" value="" />
		<put-attribute name="footer"
			value="/WEB-INF/pages/admin/footer.jsp" />
		<put-attribute name="menuselection" value="home" />
	</definition>

	<definition name="base.student.definition"
		template="/WEB-INF/pages/admin/layoutstudent.jsp">
		<put-attribute name="title" value="" />
		<put-attribute name="menu"
			value="/WEB-INF/pages/admin/menu.jsp" />
		<put-attribute name="body" value="" />
		<put-attribute name="footer"
			value="/WEB-INF/pages/admin/footer.jsp" />
		<put-attribute name="menuselection" value="home" />
	</definition>

	<definition name="commanDashboardTiles"
		extends="base.admin.definition">
		<put-attribute name="title" value="Admin Home" />
		<put-attribute name="body"
			value="/WEB-INF/pages/Dashboard/commonDashboard.jsp" />
		<put-attribute name="menuselection" value="home" />
	</definition>
	<definition name="commanDashboardStudent"
		extends="base.student.definition">
		<put-attribute name="title" value="Admin Home" />
		<put-attribute name="body"
			value="/WEB-INF/pages/Dashboard/commonDashboardstudent.jsp" />
		<put-attribute name="menuselection" value="home" />
	</definition>
	<definition name="ApproveStudent"
		extends="base.admin.definition">
		<put-attribute name="title" value="Admin Home" />
		<put-attribute name="body"
			value="/WEB-INF/pages/Dashboard/ApproveStudent.jsp" />
		<put-attribute name="menuselection" value="home" />
	</definition>
	<definition name="InstituteMaster"
		extends="base.admin.definition">
		<put-attribute name="title" value="Admin Home" />
		<put-attribute name="body"
			value="/WEB-INF/pages/Dashboard/InstituteMaster.jsp" />
		<put-attribute name="menuselection" value="home" />
	</definition>
	<definition name="CourseMaster"
		extends="base.admin.definition">
		<put-attribute name="title" value="Admin Home" />
		<put-attribute name="body"
			value="/WEB-INF/pages/Dashboard/CourseMaster.jsp" />
		<put-attribute name="menuselection" value="home" />
	</definition>
	<definition name="Specialization"
		extends="base.admin.definition">
		<put-attribute name="title" value="Admin Home" />
		<put-attribute name="body"
			value="/WEB-INF/pages/Dashboard/Specialization.jsp" />
		<put-attribute name="menuselection" value="home" />
	</definition>

	<definition name="DocumentMaster"
		extends="base.admin.definition">
		<put-attribute name="title" value="Admin Home" />
		<put-attribute name="body"
			value="/WEB-INF/pages/Dashboard/DocumentMaster.jsp" />
		<put-attribute name="menuselection" value="home" />
	</definition>
	<definition name="ApprovalForMerit"
		extends="base.admin.definition">
		<put-attribute name="title" value="Admin Home" />
		<put-attribute name="body"
			value="/WEB-INF/pages/Dashboard/ApprovalForMerit.jsp" />
		<put-attribute name="menuselection" value="home" />
	</definition>
	<definition name="ChoiceFillingDate"
		extends="base.admin.definition">
		<put-attribute name="title" value="Admin Home" />
		<put-attribute name="body"
			value="/WEB-INF/pages/Dashboard/ChoiceFillingDate.jsp" />
		<put-attribute name="menuselection" value="home" />
	</definition>
	<definition name="lockthechoices"
		extends="base.admin.definition">
		<put-attribute name="title" value="Admin Home" />
		<put-attribute name="body"
			value="/WEB-INF/pages/Dashboard/lockthechoices.jsp" />
		<put-attribute name="menuselection" value="home" />
	</definition>




	<definition name="registration"
		extends="base.student.definition">
		<put-attribute name="title" value="Admin Home" />
		<put-attribute name="body"
			value="/WEB-INF/pages/Dashboard/registration.jsp" />
		<put-attribute name="menuselection" value="home" />
	</definition>
	<definition name="StudentChoiceFilling"
		extends="base.student.definition">
		<put-attribute name="title" value="Admin Home" />
		<put-attribute name="body"
			value="/WEB-INF/pages/Dashboard/StudentChoiceFilling.jsp" />
		<put-attribute name="menuselection" value="home" />
	</definition>
	<definition name="Result" extends="base.student.definition">
		<put-attribute name="title" value="Admin Home" />
		<put-attribute name="body"
			value="/WEB-INF/pages/Dashboard/ResultDeclaration.jsp" />
		<put-attribute name="menuselection" value="home" />
	</definition>


	<definition name="ChangePasswordadmin"
		extends="base.admin.definition">
		<put-attribute name="title" value="Admin Home" />
		<put-attribute name="body"
			value="/WEB-INF/pages/Dashboard/ChangePasswordadmin.jsp" />
		<put-attribute name="menuselection" value="home" />
	</definition>
	<definition name="ChangePasswordstudent"
		extends="base.student.definition">
		<put-attribute name="title" value="Admin Home" />
		<put-attribute name="body"
			value="/WEB-INF/pages/Dashboard/ChangePassword.jsp" />
		<put-attribute name="menuselection" value="home" />
	</definition>
	<definition name="StudentDetailReport"
		extends="base.admin.definition">
		<put-attribute name="title" value="Admin Home" />
		<put-attribute name="body"
			value="/WEB-INF/pages/Dashboard/StudentDetailReport.jsp" />
		<put-attribute name="menuselection" value="home" />
	</definition>
	<definition name="MeritGeneration"
		extends="base.admin.definition">
		<put-attribute name="title" value="Admin Home" />
		<put-attribute name="body"
			value="/WEB-INF/pages/Dashboard/MeritGeneration.jsp" />
		<put-attribute name="menuselection" value="home" />
	</definition>

	<definition name="RegistrationDate"
		extends="base.admin.definition">
		<put-attribute name="title" value="Admin Home" />
		<put-attribute name="body"
			value="/WEB-INF/pages/Dashboard/RegistrationDate.jsp" />
		<put-attribute name="menuselection" value="home" />
	</definition>






	<definition name="ARM_SECTION_MASTER_tile"
		extends="base.admin.definition">
		<put-attribute name="title" value="Admin Home" />
		<put-attribute name="body"
			value="/WEB-INF/pages/Officer/Master/ARM_SECTION_MASTER.jsp" />
		<put-attribute name="menuselection" value="home" />
	</definition>

	<definition name="exampleTiles"
		extends="base.admin.definition">
		<put-attribute name="title" value="Admin Home" />
		<put-attribute name="body"
			value="/WEB-INF/pages/admin/example.jsp" />
		<put-attribute name="menuselection" value="home" />
	</definition>

	<definition name="myProfileTiles"
		extends="base.admin.definition">
		<put-attribute name="title" value="Admin Home" />
		<put-attribute name="body"
			value="/WEB-INF/pages/MY_ACCOUNT/my_profile.jsp" />
		<put-attribute name="menuselection" value="home" />
	</definition>
	<definition name="changePasswordTile"
		extends="base.admin.definition">
		<put-attribute name="title" value="Admin Home" />
		<put-attribute name="body"
			value="/WEB-INF/pages/MY_ACCOUNT/changepassword.jsp" />
		<put-attribute name="menuselection" value="home" />
	</definition>
	<definition name="handingTakingOverTiles"
		extends="base.admin.definition">
		<put-attribute name="title" value="Admin Home" />
		<put-attribute name="body"
			value="/WEB-INF/pages/MY_ACCOUNT/handingTakingOver.jsp" />
		<put-attribute name="menuselection" value="home" />
	</definition>

	<!-- Start Dynamic Menu -->
	<definition name="RoleMaster"
		extends="base.admin.definition">
		<put-attribute name="title" value="Admin Home" />
		<put-attribute name="body"
			value="/WEB-INF/pages/RBAC/RoleMaster.jsp" />
		<put-attribute name="menuselection" value="home" />
	</definition>
		<definition name="ModuleMaster"
		extends="base.admin.definition">
		<put-attribute name="title" value="Admin Home" />
		<put-attribute name="body"
			value="/WEB-INF/pages/RBAC/ModuleMaster.jsp" />
		<put-attribute name="menuselection" value="home" />
	</definition>
	<definition name="SubModuleMaster"
		extends="base.admin.definition">
		<put-attribute name="title" value="Admin Home" />
		<put-attribute name="body"
			value="/WEB-INF/pages/RBAC/SubModuleMaster.jsp" />
		<put-attribute name="menuselection" value="home" />
	</definition>
	
	<definition name="user_mstTiles"
		extends="base.admin.definition">
		<put-attribute name="title" value="Admin Home" />
		<put-attribute name="body"
			value="/WEB-INF/pages/RBAC/user_mst.jsp" />
		<put-attribute name="menuselection" value="home" />
	</definition>


	
	<definition name="screen_mstTiles"
		extends="base.admin.definition">
		<put-attribute name="title" value="Admin Home" />
		<put-attribute name="body"
			value="/WEB-INF/pages/RBAC/screen_mst.jsp" />
		<put-attribute name="menuselection" value="home" />
	</definition>
	<definition name="roleTiles" extends="base.admin.definition">
		<put-attribute name="title" value="Admin Home" />
		<put-attribute name="body"
			value="/WEB-INF/pages/RBAC/roleMstnew.jsp" />
		<put-attribute name="menuselection" value="home" />
	</definition>
	<definition name="AccessTiles"
		extends="base.admin.definition">
		<put-attribute name="title" value="Admin Home" />
		<put-attribute name="body"
			value="/WEB-INF/pages/error/Access.jsp" />
		<put-attribute name="menuselection" value="home" />
	</definition>
	<definition name="Edit_user_mstTiles"
		extends="base.admin.definition">
		<put-attribute name="title" value="Admin Home" />
		<put-attribute name="body"
			value="/WEB-INF/pages/RBAC/edit_user_mst.jsp" />
		<put-attribute name="menuselection" value="home" />
	</definition>
	<definition name="user_statusTiles"
		extends="base.admin.definition">
		<put-attribute name="title" value="Admin Home" />
		<put-attribute name="body"
			value="/WEB-INF/pages/RBAC/user_status.jsp" />
		<put-attribute name="menuselection" value="home" />
	</definition>

	<definition name="status_of_inactive_user_reportTiles"
		extends="base.admin.definition">
		<put-attribute name="title" value="Admin Home" />
		<put-attribute name="body"
			value="/WEB-INF/pages/RBAC/status_of_inactive_user_report.jsp" />
		<put-attribute name="menuselection" value="home" />
	</definition>

	<definition name="search_user_mstTiles"
		extends="base.admin.definition">
		<put-attribute name="title" value="Admin Home" />
		<put-attribute name="body"
			value="/WEB-INF/pages/RBAC/search_user_mst.jsp" />
		<put-attribute name="menuselection" value="home" />
	</definition>
	<!--End Dynamic Menu -->

	<!-- Strat Error Pages -->
	<definition name="400" extends="base.admin.definition">
		<put-attribute name="title" value="Admin Home" />
		<put-attribute name="body"
			value="/WEB-INF/pages/error/400.jsp" />
		<put-attribute name="menuselection" value="home" />
	</definition>
	<definition name="404" extends="base.admin.definition">
		<put-attribute name="title" value="Admin Home" />
		<put-attribute name="body"
			value="/WEB-INF/pages/error/404.jsp" />
		<put-attribute name="menuselection" value="home" />
	</definition>
	<definition name="405" extends="base.admin.definition">
		<put-attribute name="title" value="Admin Home" />
		<put-attribute name="body"
			value="/WEB-INF/pages/error/405.jsp" />
		<put-attribute name="menuselection" value="home" />
	</definition>
	<definition name="500" extends="base.admin.definition">
		<put-attribute name="title" value="Admin Home" />
		<put-attribute name="body"
			value="/WEB-INF/pages/error/500.jsp" />
		<put-attribute name="menuselection" value="home" />
	</definition>
	<definition name="505" extends="base.admin.definition">
		<put-attribute name="title" value="Admin Home" />
		<put-attribute name="body"
			value="/WEB-INF/pages/error/505.jsp" />
		<put-attribute name="menuselection" value="home" />
	</definition>
	<!-- End Error Pages -->

	<!-- start Dashboard Tile -->


	<definition name="superDashboardTiles"
		extends="base.admin.definition">
		<put-attribute name="title" value="Admin Home" />
		<put-attribute name="body"
			value="/WEB-INF/pages/Dashboard/super_Dashboard.jsp" />
		<put-attribute name="menuselection" value="home" />
	</definition>
	<!-- end Dashboard tiles -->

	<!-- help desk -->
	<definition name="HelpDashTiles"
		extends="base.admin.definition">
		<put-attribute name="title" value="Admin Home" />
		<put-attribute name="body"
			value="/WEB-INF/pages/Dashboard/helpDeskDash/HelpDash.jsp" />
		<put-attribute name="menuselection" value="home" />
	</definition>
	<definition name="helpTiles" extends="base.admin.definition">
		<put-attribute name="title" value="Admin Home" />
		<put-attribute name="body"
			value="/WEB-INF/pages/helpDesk/help.jsp" />
		<put-attribute name="menuselection" value="home" />
	</definition>
	<definition name="myticketTiles"
		extends="base.admin.definition">
		<put-attribute name="title" value="Admin Home" />
		<put-attribute name="body"
			value="/WEB-INF/pages/helpDesk/myticket.jsp" />
		<put-attribute name="menuselection" value="home" />
	</definition>

	<definition name="manageticketTiles"
		extends="base.admin.definition">
		<put-attribute name="title" value="Admin Home" />
		<put-attribute name="body"
			value="/WEB-INF/pages/helpDesk/manageticket.jsp" />
		<put-attribute name="menuselection" value="home" />
	</definition>

	<definition name="user_managementTiles"
		extends="base.admin.definition">
		<put-attribute name="title" value="Admin Home" />
		<put-attribute name="body"
			value="/WEB-INF/pages/helpDesk/user_management.jsp" />
		<put-attribute name="menuselection" value="home" />
	</definition>
	<definition name="faqinsertTiles"
		extends="base.admin.definition">
		<put-attribute name="title" value="Admin Home" />
		<put-attribute name="body"
			value="/WEB-INF/pages/helpDesk/faqinsert.jsp" />
		<put-attribute name="menuselection" value="home" />
	</definition>
	<definition name="searchfaqTiles"
		extends="base.admin.definition">
		<put-attribute name="title" value="Admin Home" />
		<put-attribute name="body"
			value="/WEB-INF/pages/helpDesk/searchfaq.jsp" />
		<put-attribute name="menuselection" value="home" />
	</definition>
	<definition name="faqTiles" extends="base.admin.definition">
		<put-attribute name="title" value="Admin Home" />
		<put-attribute name="body"
			value="/WEB-INF/pages/helpDesk/faq.jsp" />
		<put-attribute name="menuselection" value="home" />
	</definition>
	<definition name="Edit_faqTiles"
		extends="base.admin.definition">
		<put-attribute name="title" value="Admin Home" />
		<put-attribute name="body"
			value="/WEB-INF/pages/helpDesk/Edit_faq.jsp" />
		<put-attribute name="menuselection" value="home" />
	</definition>
	<definition name="user_ticketTiles"
		extends="base.admin.definition">
		<put-attribute name="title" value="Admin Home" />
		<put-attribute name="body"
			value="/WEB-INF/pages/helpDesk/user_ticket.jsp" />
		<put-attribute name="menuselection" value="home" />
	</definition>
	<definition name="viewticketTiles"
		extends="base.admin.definition">
		<put-attribute name="title" value="Admin Home" />
		<put-attribute name="body"
			value="/WEB-INF/pages/helpDesk/view_ticket.jsp" />
		<put-attribute name="menuselection" value="home" />
	</definition>

	<definition name="marqueeTiles"
		extends="base.admin.definition">
		<put-attribute name="title" value="Admin Home" />
		<put-attribute name="body"
			value="/WEB-INF/pages/login/marquee.jsp" />
		<put-attribute name="menuselection" value="home" />
	</definition>
	<definition name="UserCreatedTiles"
		template="/WEB-INF/pages/Dashboard/helpDeskDash/UserCreated.jsp"></definition>
	<definition name="RoleUrlTiles"
		template="/WEB-INF/pages/Dashboard/helpDeskDash/RoleUrl.jsp"></definition>
	<definition name="LoggedInUsersTiles"
		template="/WEB-INF/pages/Dashboard/helpDeskDash/LoggedInUsers.jsp"></definition>
	<definition name="TicketStatusNewTiles"
		template="/WEB-INF/pages/Dashboard/helpDeskDash/TicketStatus.jsp"></definition>
	<definition name="TicketStatusInProgressTiles"
		template="/WEB-INF/pages/Dashboard/helpDeskDash/TicketStatus.jsp"></definition>
	<definition name="TicketStatusCompletedTiles"
		template="/WEB-INF/pages/Dashboard/helpDeskDash/TicketStatus.jsp"></definition>
	<definition name="HelpTopicFeedbackTiles"
		template="/WEB-INF/pages/Dashboard/helpDeskDash/HelpTopicStatus.jsp"></definition>
	<definition name="HelpTopicFeatureRequestTiles"
		template="/WEB-INF/pages/Dashboard/helpDeskDash/HelpTopicStatus.jsp"></definition>
	<!-- help desk end -->

	<!-- officer masters -->
	<definition name="Command_code_master_tile"
		extends="base.admin.definition">
		<put-attribute name="title" value="Admin Home" />
		<put-attribute name="body"
			value="/WEB-INF/pages/Officer/Master/command_code_master.jsp" />
		<put-attribute name="menuselection" value="home" />
	</definition>


	<definition name="EditCommand_code_master_tile"
		extends="base.admin.definition">
		<put-attribute name="title" value="Admin Home" />
		<put-attribute name="body"
			value="/WEB-INF/pages/Officer/Master/Editcommand_code_master.jsp" />
		<put-attribute name="menuselection" value="home" />
	</definition>

	<definition name="Commission_type_master_tile"
		extends="base.admin.definition">
		<put-attribute name="title" value="Admin Home" />
		<put-attribute name="body"
			value="/WEB-INF/pages/Officer/Master/commission_type_master.jsp" />
		<put-attribute name="menuselection" value="home" />
	</definition>

	<definition name="EditCommission_type_master_tile"
		extends="base.admin.definition">
		<put-attribute name="title" value="Admin Home" />
		<put-attribute name="body"
			value="/WEB-INF/pages/Officer/Master/Editcommission_type_master.jsp" />
		<put-attribute name="menuselection" value="home" />
	</definition>

	<definition name="Rank_code_master_tile"
		extends="base.admin.definition">
		<put-attribute name="title" value="Admin Home" />
		<put-attribute name="body"
			value="/WEB-INF/pages/Officer/Master/rank_code_master.jsp" />
		<put-attribute name="menuselection" value="home" />
	</definition>

	<definition name="EditRank_code_master_tile"
		extends="base.admin.definition">
		<put-attribute name="title" value="Admin Home" />
		<put-attribute name="body"
			value="/WEB-INF/pages/Officer/Master/Editrank_code_master.jsp" />
		<put-attribute name="menuselection" value="home" />
	</definition>




	<definition name="EditARM_SECTION_MASTER_tile"
		extends="base.admin.definition">
		<put-attribute name="title" value="Admin Home" />
		<put-attribute name="body"
			value="/WEB-INF/pages/Officer/Master/EditARM_SECTION_MASTER.jsp" />
		<put-attribute name="menuselection" value="home" />
	</definition>


	<definition name="EXAMINATION_NAME_MASTER_tile"
		extends="base.admin.definition">
		<put-attribute name="title" value="Admin Home" />
		<put-attribute name="body"
			value="/WEB-INF/pages/Officer/Master/EXAMINATION_NAME_MASTER.jsp" />
		<put-attribute name="menuselection" value="home" />
	</definition>

	<definition name="EditEXAMINATION_NAME_MASTER_tile"
		extends="base.admin.definition">
		<put-attribute name="title" value="Admin Home" />
		<put-attribute name="body"
			value="/WEB-INF/pages/Officer/Master/EditEXAMINATION_NAME_MASTER.jsp" />
		<put-attribute name="menuselection" value="home" />
	</definition>

	<definition name="JC_COURSE_DETAILS_tile"
		extends="base.admin.definition">
		<put-attribute name="title" value="Admin Home" />
		<put-attribute name="body"
			value="/WEB-INF/pages/Officer/Master/JC_COURSE_DETAILS.jsp" />
		<put-attribute name="menuselection" value="home" />
	</definition>

	<definition name="EditJC_COURSE_DETAILS_tile"
		extends="base.admin.definition">
		<put-attribute name="title" value="Admin Home" />
		<put-attribute name="body"
			value="/WEB-INF/pages/Officer/Master/EditJC_COURSE_DETAILS.jsp" />
		<put-attribute name="menuselection" value="home" />
	</definition>

	<definition name="Officer_personal_details_tile"
		extends="base.admin.definition">
		<put-attribute name="title" value="Admin Home" />
		<put-attribute name="body"
			value="/WEB-INF/pages/Officer/Master/officer_personal_details.jsp" />
		<put-attribute name="menuselection" value="home" />
	</definition>

	<definition name="SearchOfficer_personal_details_tile"
		extends="base.admin.definition">
		<put-attribute name="title" value="Admin Home" />
		<put-attribute name="body"
			value="/WEB-INF/pages/Officer/Master/Searchofficer_personal_details.jsp" />
		<put-attribute name="menuselection" value="home" />
	</definition>

	<definition name="EditOfficer_personal_details_tile"
		extends="base.admin.definition">
		<put-attribute name="title" value="Admin Home" />
		<put-attribute name="body"
			value="/WEB-INF/pages/Officer/Master/Editofficer_personal_details.jsp" />
		<put-attribute name="menuselection" value="home" />
	</definition>

	<!-- end master -->

	<!-- start transaction -->
	<definition name="Dssc_compens_chance_tile"
		extends="base.admin.definition">
		<put-attribute name="title" value="Admin Home" />
		<put-attribute name="body"
			value="/WEB-INF/pages/Officer/Transaction/insert/dssc_compens_chance.jsp" />
		<put-attribute name="menuselection" value="home" />
	</definition>


	<definition name="SearchDssc_compens_chance_tile"
		extends="base.admin.definition">
		<put-attribute name="title" value="Admin Home" />
		<put-attribute name="body"
			value="/WEB-INF/pages/Officer/Transaction/search/Searchdssc_compens_chance.jsp" />
		<put-attribute name="menuselection" value="home" />
	</definition>


	<definition name="EditDssc_compens_chance_tile"
		extends="base.admin.definition">
		<put-attribute name="title" value="Admin Home" />
		<put-attribute name="body"
			value="/WEB-INF/pages/Officer/Transaction/edit/Editdssc_compens_chance.jsp" />
		<put-attribute name="menuselection" value="home" />
	</definition>


	<definition name="Examination_centre_tile"
		extends="base.admin.definition">
		<put-attribute name="title" value="Admin Home" />
		<put-attribute name="body"
			value="/WEB-INF/pages/Officer/Transaction/insert/examination_centre.jsp" />
		<put-attribute name="menuselection" value="home" />
	</definition>

	<definition name="SearchExamination_centre_tile"
		extends="base.admin.definition">
		<put-attribute name="title" value="Admin Home" />
		<put-attribute name="body"
			value="/WEB-INF/pages/Officer/Transaction/search/Searchexamination_centre.jsp" />
		<put-attribute name="menuselection" value="home" />
	</definition>

	<definition name="EditExamination_centre_tile"
		extends="base.admin.definition">
		<put-attribute name="title" value="Admin Home" />
		<put-attribute name="body"
			value="/WEB-INF/pages/Officer/Transaction/edit/Editexamination_centre.jsp" />
		<put-attribute name="menuselection" value="home" />
	</definition>


	<definition name="Marks_entry_tile"
		extends="base.admin.definition">
		<put-attribute name="title" value="Admin Home" />
		<put-attribute name="body"
			value="/WEB-INF/pages/Officer/Transaction/insert/marks_entry.jsp" />
		<put-attribute name="menuselection" value="home" />
	</definition>

	<definition name="SearchMarks_entry_tile"
		extends="base.admin.definition">
		<put-attribute name="title" value="Admin Home" />
		<put-attribute name="body"
			value="/WEB-INF/pages/Officer/Transaction/search/Searchmarks_entry.jsp" />
		<put-attribute name="menuselection" value="home" />
	</definition>

	<definition name="EditMarks_entry_tile"
		extends="base.admin.definition">
		<put-attribute name="title" value="Admin Home" />
		<put-attribute name="body"
			value="/WEB-INF/pages/Officer/Transaction/edit/Editmarks_entry.jsp" />
		<put-attribute name="menuselection" value="home" />
	</definition>


	<definition name="Partbd_compens_chance_tile"
		extends="base.admin.definition">
		<put-attribute name="title" value="Admin Home" />
		<put-attribute name="body"
			value="/WEB-INF/pages/Officer/Transaction/insert/partbd_compens_chance.jsp" />
		<put-attribute name="menuselection" value="home" />
	</definition>

	<definition name="SearchPartbd_compens_chance_tile"
		extends="base.admin.definition">
		<put-attribute name="title" value="Admin Home" />
		<put-attribute name="body"
			value="/WEB-INF/pages/Officer/Transaction/search/Searchpartbd_compens_chance.jsp" />
		<put-attribute name="menuselection" value="home" />
	</definition>

	<definition name="EditPartbd_compens_chance_tile"
		extends="base.admin.definition">
		<put-attribute name="title" value="Admin Home" />
		<put-attribute name="body"
			value="/WEB-INF/pages/Officer/Transaction/edit/Editpartbd_compens_chance.jsp" />
		<put-attribute name="menuselection" value="home" />
	</definition>


	<definition name="Unfair_means_tile"
		extends="base.admin.definition">
		<put-attribute name="title" value="Admin Home" />
		<put-attribute name="body"
			value="/WEB-INF/pages/Officer/Transaction/insert/unfair_means.jsp" />
		<put-attribute name="menuselection" value="home" />
	</definition>

	<definition name="SearchUnfair_means_tile"
		extends="base.admin.definition">
		<put-attribute name="title" value="Admin Home" />
		<put-attribute name="body"
			value="/WEB-INF/pages/Officer/Transaction/search/Searchunfair_means.jsp" />
		<put-attribute name="menuselection" value="home" />
	</definition>

	<definition name="EditUnfair_means_tile"
		extends="base.admin.definition">
		<put-attribute name="title" value="Admin Home" />
		<put-attribute name="body"
			value="/WEB-INF/pages/Officer/Transaction/edit/Editunfair_means.jsp" />
		<put-attribute name="menuselection" value="home" />
	</definition>

	<definition name="Dssc_tsoc_application_tile"
		extends="base.admin.definition">
		<put-attribute name="title" value="Admin Home" />
		<put-attribute name="body"
			value="/WEB-INF/pages/Officer/Transaction/insert/dssc_tsoc_application.jsp" />
		<put-attribute name="menuselection" value="home" />
	</definition>

	<definition name="SearchDssc_tsoc_application_tile"
		extends="base.admin.definition">
		<put-attribute name="title" value="Admin Home" />
		<put-attribute name="body"
			value="/WEB-INF/pages/Officer/Transaction/search/Searchdssc_tsoc_application.jsp" />
		<put-attribute name="menuselection" value="home" />
	</definition>

	<definition name="EditDssc_tsoc_application_tile"
		extends="base.admin.definition">
		<put-attribute name="title" value="Admin Home" />
		<put-attribute name="body"
			value="/WEB-INF/pages/Officer/Transaction/edit/Editdssc_tsoc_application.jsp" />
		<put-attribute name="menuselection" value="home" />
	</definition>

	<!-- end transaction -->
	<!-- other -->

	<definition name="Part_b_examination_tile"
		extends="base.admin.definition">
		<put-attribute name="title" value="Admin Home" />
		<put-attribute name="body"
			value="/WEB-INF/pages/Officer/Other/part_b_examination.jsp" />
		<put-attribute name="menuselection" value="home" />
	</definition>


	<definition name="Part_d_examination_tile"
		extends="base.admin.definition">
		<put-attribute name="title" value="Admin Home" />
		<put-attribute name="body"
			value="/WEB-INF/pages/Officer/Other/part_d_examination.jsp" />
		<put-attribute name="menuselection" value="home" />
	</definition>

	<definition name="ACR_marks_tile"
		extends="base.admin.definition">
		<put-attribute name="title" value="Admin Home" />
		<put-attribute name="body"
			value="/WEB-INF/pages/Officer/Other/acr_marks_entry.jsp" />
		<put-attribute name="menuselection" value="home" />
	</definition>



	<definition name="exam_schedule_dscc_tile"
		extends="base.admin.definition">
		<put-attribute name="title" value="Admin Home" />
		<put-attribute name="body"
			value="/WEB-INF/pages/Officer/Other/exam_schedule_dscc.jsp" />
		<put-attribute name="menuselection" value="home" />
	</definition>

	<definition name="exam_schedule_part_d_tiles"
		extends="base.admin.definition">
		<put-attribute name="title" value="Admin Home" />
		<put-attribute name="body"
			value="/WEB-INF/pages/Officer/Other/exam_schedule_part_d.jsp" />
		<put-attribute name="menuselection" value="home" />
	</definition>

	<definition name="exam_center_tiles"
		extends="base.admin.definition">
		<put-attribute name="title" value="Admin Home" />
		<put-attribute name="body"
			value="/WEB-INF/pages/Officer/Other/Exam_center.jsp" />
		<put-attribute name="menuselection" value="home" />
	</definition>

	<definition name="jc_course_tiles"
		extends="base.admin.definition">
		<put-attribute name="title" value="Admin Home" />
		<put-attribute name="body"
			value="/WEB-INF/pages/Officer/Other/JC_Course.jsp" />
		<put-attribute name="menuselection" value="home" />
	</definition>

	<definition name="Generate_booklet_tiles"
		extends="base.admin.definition">
		<put-attribute name="title" value="Admin Home" />
		<put-attribute name="body"
			value="/WEB-INF/pages/Officer/Other/Generate_booklate.jsp" />
		<put-attribute name="menuselection" value="home" />
	</definition>

	<definition name="Generate_booklet_partd_tiles"
		extends="base.admin.definition">
		<put-attribute name="title" value="Admin Home" />
		<put-attribute name="body"
			value="/WEB-INF/pages/Officer/Other/Generate_boolet_part_d.jsp" />
		<put-attribute name="menuselection" value="home" />
	</definition>

	<definition name="Generate_booklet_dscc_tiles"
		extends="base.admin.definition">
		<put-attribute name="title" value="Admin Home" />
		<put-attribute name="body"
			value="/WEB-INF/pages/Officer/Other/Generate_booklet_dscc.jsp" />
		<put-attribute name="menuselection" value="home" />
	</definition>

	<definition name="Generate_nominationtiles"
		extends="base.admin.definition">
		<put-attribute name="title" value="Admin Home" />
		<put-attribute name="body"
			value="/WEB-INF/pages/Officer/Other/Generate_nomination.jsp" />
		<put-attribute name="menuselection" value="home" />
	</definition>


	<definition name="Exmschedukelockunlocktiles"
		extends="base.admin.definition">
		<put-attribute name="title" value="Admin Home" />
		<put-attribute name="body"
			value="/WEB-INF/pages/Officer/Other/Exm_schedule_lk_unlk.jsp" />
		<put-attribute name="menuselection" value="home" />
	</definition>

	<definition name="Resultwithheldtiles"
		extends="base.admin.definition">
		<put-attribute name="title" value="Admin Home" />
		<put-attribute name="body"
			value="/WEB-INF/pages/Officer/Other/Result_withheld.jsp" />
		<put-attribute name="menuselection" value="home" />
	</definition>

	<definition name="Generate_admitcardtiles"
		extends="base.admin.definition">
		<put-attribute name="title" value="Admin Home" />
		<put-attribute name="body"
			value="/WEB-INF/pages/Officer/Other/Generate_admitcard.jsp" />
		<put-attribute name="menuselection" value="home" />
	</definition>
	<!-- other end -->


</tiles-definitions>